ชื่อคูปอง,คำอธิบาย,ลิงก์ภาพร้าน,ลิงก์เงื่อนไข
โค้ดส่วนลด,,https://down-th.img.susercontent.com/file/sg-11134004-7qvfw-lhhbunkc3sxj68,
โค้ดส่วนลด,,https://down-th.img.susercontent.com/file/sg-11134004-7qvfw-lhhbunkc3sxj68,
โค้ดส่วนลด,,https://down-th.img.susercontent.com/file/sg-11134004-7qvfw-lhhbunkc3sxj68,
โค้ดส่วนลด,,https://down-th.img.susercontent.com/file/sg-11134004-7qvfw-lhhbunkc3sxj68,
โค้ดส่วนลด,,https://down-th.img.susercontent.com/file/sg-11134004-7qvfw-lhhbunkc3sxj68,
โค้ดส่วนลด,,https://down-th.img.susercontent.com/file/sg-11134004-7qvfw-lhhbunkc3sxj68,
โค้ดส่วนลด,,https://down-th.img.susercontent.com/file/sg-11134004-7qvfw-lhhbunkc3sxj68,
โค้ดส่วนลด,,https://down-th.img.susercontent.com/file/sg-11134004-7qvfw-lhhbunkc3sxj68,
โค้ดส่วนลด,,https://down-th.img.susercontent.com/file/sg-11134004-7qvfw-lhhbunkc3sxj68,
โค้ดส่วนลด,,https://down-th.img.susercontent.com/file/th-11134004-7r98u-luogqoksopbi09,
โค้ดส่วนลด,,https://down-th.img.susercontent.com/file/th-11134004-7r98u-luogqoksopbi09,
โค้ดส่วนลด,,https://down-th.img.susercontent.com/file/th-11134004-7r98u-luogqoksopbi09,
โค้ดส่วนลด,,https://down-th.img.susercontent.com/file/th-11134004-7r98u-luogqoksopbi09,
โค้ดส่วนลด,,https://down-th.img.susercontent.com/file/th-11134004-7r98u-luogqoksopbi09,
โค้ดส่วนลด,,https://down-th.img.susercontent.com/file/th-11134004-7r98u-luogqoksopbi09,
โค้ดส่วนลด,,https://down-th.img.susercontent.com/file/th-11134004-7r98u-luogqoksopbi09,
โค้ดส่งฟรี*,,https://down-th.img.susercontent.com/file/sg-11134004-22120-r49l8ehv0olv99,
โค้ดส่งฟรี*,,https://down-th.img.susercontent.com/file/sg-11134004-22120-r49l8ehv0olv99,
โค้ดส่งฟรี*,,https://down-th.img.susercontent.com/file/sg-11134004-22120-r49l8ehv0olv99,
โค้ดส่วนลด,,https://down-th.img.susercontent.com/file/e6a3b7beffa95ca492926978d5235f79,
โค้ดส่วนลด,,https://down-th.img.susercontent.com/file/th-11134004-7r98u-luogqoksopbi09,
โค้ดส่วนลด,,https://down-th.img.susercontent.com/file/th-11134004-7r98u-luogqoksopbi09,
โค้ดส่วนลด,,https://down-th.img.susercontent.com/file/th-11134004-7r98u-luogqoksopbi09,
โค้ดส่วนลด,,https://down-th.img.susercontent.com/file/th-11134004-7r98u-luogqoksopbi09,
โค้ดส่วนลด,,https://down-th.img.susercontent.com/file/th-11134004-7r98u-luogqoksopbi09,
โค้ดส่วนลด,,https://down-th.img.susercontent.com/file/th-11134004-7r98u-luogqoksopbi09,
โค้ดส่วนลด,,https://down-th.img.susercontent.com/file/th-11134004-7r98s-lsce1299lcvi7d,
โค้ดส่วนลด,,https://down-th.img.susercontent.com/file/th-11134004-7r98s-lsce1299lcvi7d,
โค้ดส่วนลด,,https://down-th.img.susercontent.com/file/th-11134004-7r98s-lsce1299lcvi7d,
โค้ดส่วนลด,,https://down-th.img.susercontent.com/file/th-11134004-7r98s-lsce1299lcvi7d,
โค้ดส่วนลด,,https://down-th.img.susercontent.com/file/th-11134004-7r98s-lsce1299lcvi7d,
โค้ดส่วนลด,,https://down-th.img.susercontent.com/file/th-11134004-7r98s-lsce1299lcvi7d,
โค้ดส่วนลด,,https://down-th.img.susercontent.com/file/th-11134004-7r98s-lsce1299lcvi7d,
โค้ดส่วนลด,,https://down-th.img.susercontent.com/file/th-11134004-7r98s-lsce1299lcvi7d,
โค้ดส่วนลด,,https://down-th.img.susercontent.com/file/th-11134004-7r98s-lsce1299lcvi7d,
โค้ดส่วนลด,,https://down-th.img.susercontent.com/file/th-11134004-7r98s-lsce1299lcvi7d,
โค้ดส่วนลด,,https://down-th.img.susercontent.com/file/th-11134004-7r98s-lsce1299lcvi7d,
โค้ดส่วนลด,,https://down-th.img.susercontent.com/file/th-11134004-7r98s-lsce1299lcvi7d,
โค้ดส่วนลด,,https://down-th.img.susercontent.com/file/th-11134004-7r98s-lsce1299lcvi7d,
โค้ดส่วนลด,,https://down-th.img.susercontent.com/file/th-11134004-7r98s-lsce1299lcvi7d,
โค้ดส่วนลด,,https://down-th.img.susercontent.com/file/th-11134004-7r98s-lsce1299lcvi7d,
โค้ดส่วนลด,,https://down-th.img.susercontent.com/file/th-11134004-7r98s-lsce1299lcvi7d,
โค้ดส่งฟรี*,,https://down-th.img.susercontent.com/file/sg-11134004-22120-r49l8ehv0olv99,
โค้ดส่วนลด,,https://down-th.img.susercontent.com/file/th-11134004-7r98s-lsce1299lcvi7d,
โค้ดส่งฟรี*,,https://down-th.img.susercontent.com/file/sg-11134004-22120-r49l8ehv0olv99,
โค้ดส่งฟรี*,,https://down-th.img.susercontent.com/file/sg-11134004-22120-r49l8ehv0olv99,
โค้ดส่งฟรี*,,https://down-th.img.susercontent.com/file/sg-11134004-22120-r49l8ehv0olv99,
โค้ดส่วนลด,,https://down-th.img.susercontent.com/file/th-11134004-7r98s-lsce1299lcvi7d,
โค้ดส่งฟรี*,,https://down-th.img.susercontent.com/file/sg-11134004-22120-r49l8ehv0olv99,
โค้ดส่วนลด,,https://down-th.img.susercontent.com/file/th-11134004-7r98s-lsce1299lcvi7d,
